{
  "__type__": "cc.SpriteFrame",
  "content": {
    "name": "cricket3",
    "atlas": "",
    "rect": {
      "x": 2,
      "y": 122,
      "width": 2003,
      "height": 1896
    },
    "offset": {
      "x": 0,
      "y": -60
    },
    "originalSize": {
      "width": 2007,
      "height": 2020
    },
    "rotated": false,
    "capInsets": [
      0,
      0,
      0,
      0
    ],
    "vertices": {
      "rawPosition": [
        -1001.5,
        -948,
        0,
        1001.5,
        -948,
        0,
        -1001.5,
        948,
        0,
        1001.5,
        948,
        0
      ],
      "indexes": [
        0,
        1,
        2,
        2,
        1,
        3
      ],
      "uv": [
        2,
        1898,
        2005,
        1898,
        2,
        2,
        2005,
        2
      ],
      "nuv": [
        0.000996512207274539,
        0.0009900990099009901,
        0.9990034877927254,
        0.0009900990099009901,
        0.000996512207274539,
        0.9396039603960396,
        0.9990034877927254,
        0.9396039603960396
      ],
      "minPos": {
        "x": -1001.5,
        "y": -948,
        "z": 0
      },
      "maxPos": {
        "x": 1001.5,
        "y": 948,
        "z": 0
      }
    },
    "texture": "a73281f1-7685-4ad8-8594-a891fc4343f3@6c48a",
    "packable": true,
    "pixelsToUnit": 100,
    "pivot": {
      "x": 0.5,
      "y": 0.5
    },
    "meshType": 0
  }
}