{
  "__type__": "cc.SpriteFrame",
  "content": {
    "name": "cricket5",
    "atlas": "",
    "rect": {
      "x": 2,
      "y": 13,
      "width": 1915,
      "height": 1790
    },
    "offset": {
      "x": -3.5,
      "y": -5.5
    },
    "originalSize": {
      "width": 1926,
      "height": 1805
    },
    "rotated": false,
    "capInsets": [
      0,
      0,
      0,
      0
    ],
    "vertices": {
      "rawPosition": [
        -957.5,
        -895,
        0,
        957.5,
        -895,
        0,
        -957.5,
        895,
        0,
        957.5,
        895,
        0
      ],
      "indexes": [
        0,
        1,
        2,
        2,
        1,
        3
      ],
      "uv": [
        2,
        1792,
        1917,
        1792,
        2,
        2,
        1917,
        2
      ],
      "nuv": [
        0.0010384215991692627,
        0.00110803324099723,
        0.9953271028037384,
        0.00110803324099723,
        0.0010384215991692627,
        0.992797783933518,
        0.9953271028037384,
        0.992797783933518
      ],
      "minPos": {
        "x": -957.5,
        "y": -895,
        "z": 0
      },
      "maxPos": {
        "x": 957.5,
        "y": 895,
        "z": 0
      }
    },
    "texture": "932fe3e8-8a98-4e4c-85d3-2585cd732549@6c48a",
    "packable": true,
    "pixelsToUnit": 100,
    "pivot": {
      "x": 0.5,
      "y": 0.5
    },
    "meshType": 0
  }
}