{
  "__type__": "cc.SpriteFrame",
  "content": {
    "name": "cricket8",
    "atlas": "",
    "rect": {
      "x": 3,
      "y": 3,
      "width": 1898,
      "height": 2017
    },
    "offset": {
      "x": -4.5,
      "y": 0
    },
    "originalSize": {
      "width": 1913,
      "height": 2023
    },
    "rotated": false,
    "capInsets": [
      0,
      0,
      0,
      0
    ],
    "vertices": {
      "rawPosition": [
        -949,
        -1008.5,
        0,
        949,
        -1008.5,
        0,
        -949,
        1008.5,
        0,
        949,
        1008.5,
        0
      ],
      "indexes": [
        0,
        1,
        2,
        2,
        1,
        3
      ],
      "uv": [
        3,
        2020,
        1901,
        2020,
        3,
        3,
        1901,
        3
      ],
      "nuv": [
        0.0015682174594877157,
        0.0014829461196243204,
        0.9937271301620492,
        0.0014829461196243204,
        0.0015682174594877157,
        0.9985170538803757,
        0.9937271301620492,
        0.9985170538803757
      ],
      "minPos": {
        "x": -949,
        "y": -1008.5,
        "z": 0
      },
      "maxPos": {
        "x": 949,
        "y": 1008.5,
        "z": 0
      }
    },
    "texture": "23b1c292-bfd3-443c-8c43-100203310c17@6c48a",
    "packable": true,
    "pixelsToUnit": 100,
    "pivot": {
      "x": 0.5,
      "y": 0.5
    },
    "meshType": 0
  }
}