{
  "__type__": "cc.SpriteFrame",
  "content": {
    "name": "cricket",
    "atlas": "",
    "rect": {
      "x": 2,
      "y": 2,
      "width": 2044,
      "height": 2009
    },
    "offset": {
      "x": 0,
      "y": 0
    },
    "originalSize": {
      "width": 2048,
      "height": 2013
    },
    "rotated": false,
    "capInsets": [
      0,
      0,
      0,
      0
    ],
    "vertices": {
      "rawPosition": [
        -1022,
        -1004.5,
        0,
        1022,
        -1004.5,
        0,
        -1022,
        1004.5,
        0,
        1022,
        1004.5,
        0
      ],
      "indexes": [
        0,
        1,
        2,
        2,
        1,
        3
      ],
      "uv": [
        2,
        2011,
        2046,
        2011,
        2,
        2,
        2046,
        2
      ],
      "nuv": [
        0.0009765625,
        0.0009935419771485345,
        0.9990234375,
        0.0009935419771485345,
        0.0009765625,
        0.9990064580228515,
        0.9990234375,
        0.9990064580228515
      ],
      "minPos": {
        "x": -1022,
        "y": -1004.5,
        "z": 0
      },
      "maxPos": {
        "x": 1022,
        "y": 1004.5,
        "z": 0
      }
    },
    "texture": "4874fd2e-0d2f-462e-9ed5-e29643ae30ee@6c48a",
    "packable": true,
    "pixelsToUnit": 100,
    "pivot": {
      "x": 0.5,
      "y": 0.5
    },
    "meshType": 0
  }
}