{
  "__type__": "cc.SpriteFrame",
  "content": {
    "name": "cricket6",
    "atlas": "",
    "rect": {
      "x": 10,
      "y": 12,
      "width": 1965,
      "height": 1897
    },
    "offset": {
      "x": 2,
      "y": -4.5
    },
    "originalSize": {
      "width": 1981,
      "height": 1912
    },
    "rotated": false,
    "capInsets": [
      0,
      0,
      0,
      0
    ],
    "vertices": {
      "rawPosition": [
        -982.5,
        -948.5,
        0,
        982.5,
        -948.5,
        0,
        -982.5,
        948.5,
        0,
        982.5,
        948.5,
        0
      ],
      "indexes": [
        0,
        1,
        2,
        2,
        1,
        3
      ],
      "uv": [
        10,
        1900,
        1975,
        1900,
        10,
        3,
        1975,
        3
      ],
      "nuv": [
        0.005047955577990914,
        0.0015690376569037657,
        0.9969712266532055,
        0.0015690376569037657,
        0.005047955577990914,
        0.9937238493723849,
        0.9969712266532055,
        0.9937238493723849
      ],
      "minPos": {
        "x": -982.5,
        "y": -948.5,
        "z": 0
      },
      "maxPos": {
        "x": 982.5,
        "y": 948.5,
        "z": 0
      }
    },
    "texture": "97182bf0-c876-4a77-b3c1-a7bf3cf3c23a@6c48a",
    "packable": true,
    "pixelsToUnit": 100,
    "pivot": {
      "x": 0.5,
      "y": 0.5
    },
    "meshType": 0
  }
}