{
  "__type__": "cc.SpriteFrame",
  "content": {
    "name": "cricket2",
    "atlas": "",
    "rect": {
      "x": 4,
      "y": 3,
      "width": 2022,
      "height": 1923
    },
    "offset": {
      "x": 0.5,
      "y": -0.5
    },
    "originalSize": {
      "width": 2029,
      "height": 1928
    },
    "rotated": false,
    "capInsets": [
      0,
      0,
      0,
      0
    ],
    "vertices": {
      "rawPosition": [
        -1011,
        -961.5,
        0,
        1011,
        -961.5,
        0,
        -1011,
        961.5,
        0,
        1011,
        961.5,
        0
      ],
      "indexes": [
        0,
        1,
        2,
        2,
        1,
        3
      ],
      "uv": [
        4,
        1925,
        2026,
        1925,
        4,
        2,
        2026,
        2
      ],
      "nuv": [
        0.001971414489896501,
        0.001037344398340249,
        0.9985214391325776,
        0.001037344398340249,
        0.001971414489896501,
        0.9984439834024896,
        0.9985214391325776,
        0.9984439834024896
      ],
      "minPos": {
        "x": -1011,
        "y": -961.5,
        "z": 0
      },
      "maxPos": {
        "x": 1011,
        "y": 961.5,
        "z": 0
      }
    },
    "texture": "dbb04e7e-9a83-41e0-9273-4ee1fb7f713e@6c48a",
    "packable": true,
    "pixelsToUnit": 100,
    "pivot": {
      "x": 0.5,
      "y": 0.5
    },
    "meshType": 0
  }
}