{
  "__type__": "cc.SpriteFrame",
  "content": {
    "name": "cricket9",
    "atlas": "",
    "rect": {
      "x": 3,
      "y": 3,
      "width": 1950,
      "height": 1494
    },
    "offset": {
      "x": 0,
      "y": 0
    },
    "originalSize": {
      "width": 1956,
      "height": 1500
    },
    "rotated": false,
    "capInsets": [
      0,
      0,
      0,
      0
    ],
    "vertices": {
      "rawPosition": [
        -975,
        -747,
        0,
        975,
        -747,
        0,
        -975,
        747,
        0,
        975,
        747,
        0
      ],
      "indexes": [
        0,
        1,
        2,
        2,
        1,
        3
      ],
      "uv": [
        3,
        1497,
        1953,
        1497,
        3,
        3,
        1953,
        3
      ],
      "nuv": [
        0.0015337423312883436,
        0.002,
        0.9984662576687117,
        0.002,
        0.0015337423312883436,
        0.998,
        0.9984662576687117,
        0.998
      ],
      "minPos": {
        "x": -975,
        "y": -747,
        "z": 0
      },
      "maxPos": {
        "x": 975,
        "y": 747,
        "z": 0
      }
    },
    "texture": "37993a96-9dcb-4384-b4d5-805a082ca422@6c48a",
    "packable": true,
    "pixelsToUnit": 100,
    "pivot": {
      "x": 0.5,
      "y": 0.5
    },
    "meshType": 0
  }
}