{
  "__type__": "cc.SpriteFrame",
  "content": {
    "name": "cricket10",
    "atlas": "",
    "rect": {
      "x": 3,
      "y": 3,
      "width": 1690,
      "height": 1093
    },
    "offset": {
      "x": 0,
      "y": 0
    },
    "originalSize": {
      "width": 1696,
      "height": 1099
    },
    "rotated": false,
    "capInsets": [
      0,
      0,
      0,
      0
    ],
    "vertices": {
      "rawPosition": [
        -845,
        -546.5,
        0,
        845,
        -546.5,
        0,
        -845,
        546.5,
        0,
        845,
        546.5,
        0
      ],
      "indexes": [
        0,
        1,
        2,
        2,
        1,
        3
      ],
      "uv": [
        3,
        1096,
        1693,
        1096,
        3,
        3,
        1693,
        3
      ],
      "nuv": [
        0.001768867924528302,
        0.00272975432211101,
        0.9982311320754716,
        0.00272975432211101,
        0.001768867924528302,
        0.997270245677889,
        0.9982311320754716,
        0.997270245677889
      ],
      "minPos": {
        "x": -845,
        "y": -546.5,
        "z": 0
      },
      "maxPos": {
        "x": 845,
        "y": 546.5,
        "z": 0
      }
    },
    "texture": "1d464a34-c763-44bb-8740-229017371846@6c48a",
    "packable": true,
    "pixelsToUnit": 100,
    "pivot": {
      "x": 0.5,
      "y": 0.5
    },
    "meshType": 0
  }
}