{
  "__type__": "cc.SpriteFrame",
  "content": {
    "name": "cricket4",
    "atlas": "",
    "rect": {
      "x": 2,
      "y": 3,
      "width": 2033,
      "height": 1802
    },
    "offset": {
      "x": -0.5,
      "y": 9
    },
    "originalSize": {
      "width": 2038,
      "height": 1826
    },
    "rotated": false,
    "capInsets": [
      0,
      0,
      0,
      0
    ],
    "vertices": {
      "rawPosition": [
        -1016.5,
        -901,
        0,
        1016.5,
        -901,
        0,
        -1016.5,
        901,
        0,
        1016.5,
        901,
        0
      ],
      "indexes": [
        0,
        1,
        2,
        2,
        1,
        3
      ],
      "uv": [
        2,
        1823,
        2035,
        1823,
        2,
        21,
        2035,
        21
      ],
      "nuv": [
        0.0009813542688910696,
        0.011500547645125958,
        0.9985279685966634,
        0.011500547645125958,
        0.0009813542688910696,
        0.9983570646221248,
        0.9985279685966634,
        0.9983570646221248
      ],
      "minPos": {
        "x": -1016.5,
        "y": -901,
        "z": 0
      },
      "maxPos": {
        "x": 1016.5,
        "y": 901,
        "z": 0
      }
    },
    "texture": "02e984d3-05eb-4bd1-9c46-a764c4fc36fc@6c48a",
    "packable": true,
    "pixelsToUnit": 100,
    "pivot": {
      "x": 0.5,
      "y": 0.5
    },
    "meshType": 0
  }
}