{
  "__type__": "cc.SpriteFrame",
  "content": {
    "name": "cricket7",
    "atlas": "",
    "rect": {
      "x": 3,
      "y": 3,
      "width": 1756,
      "height": 1986
    },
    "offset": {
      "x": 0,
      "y": 0
    },
    "originalSize": {
      "width": 1762,
      "height": 1992
    },
    "rotated": false,
    "capInsets": [
      0,
      0,
      0,
      0
    ],
    "vertices": {
      "rawPosition": [
        -878,
        -993,
        0,
        878,
        -993,
        0,
        -878,
        993,
        0,
        878,
        993,
        0
      ],
      "indexes": [
        0,
        1,
        2,
        2,
        1,
        3
      ],
      "uv": [
        3,
        1989,
        1759,
        1989,
        3,
        3,
        1759,
        3
      ],
      "nuv": [
        0.00170261066969353,
        0.0015060240963855422,
        0.9982973893303064,
        0.0015060240963855422,
        0.00170261066969353,
        0.9984939759036144,
        0.9982973893303064,
        0.9984939759036144
      ],
      "minPos": {
        "x": -878,
        "y": -993,
        "z": 0
      },
      "maxPos": {
        "x": 878,
        "y": 993,
        "z": 0
      }
    },
    "texture": "316875d1-a1b5-489b-aeaf-d49b5c7c421f@6c48a",
    "packable": true,
    "pixelsToUnit": 100,
    "pivot": {
      "x": 0.5,
      "y": 0.5
    },
    "meshType": 0
  }
}